E0,0,5
E1,10,13
E2,7,12,13
E3,6,7
E4,2,7
E5,5,8
E6,8,27,29
E7,8,10,19
E8,1,23,26
E9,9,18
E10,8,14,20
E11,8,24
E12,12,25
E13,13,25
E14,23,31
E15,7,21
E16,14,28
E17,7,8,32
E18,2,6,13
E19,5,16
E20,30,33
E21,5,6,7,8,40
E22,26,37
E23,7,48,49
E24,7,21,50
E25,10,50
E26,1,43
E27,8,12,20,41
E28,14,19
E29,23,39
E30,14,29
E31,0,8,43,45
E32,23,35
E33,16,28,36,44
E34,2,13,25,27
E35,7,32
E36,19,57,78
E37,39,40,43
E38,8,25,51,64,91
E39,7,12,50,51,83,91
E40,90,97
E41,32,36,51,91,99
E42,14,34,55
E43,26,29,37,43
E44,14,20,29,30
E45,33,52,86,109,111
E46,8,10
E47,23,43,46,76,96,112
E48,8,41,48,71,77,91,94,104,110
E49,42,88
E50,23,71
E51,60,112
E52,2,7,61,74,79,84,87,93,103
E53,4,75,91
E54,1,51,56
E55,7,25,28,43,68
E56,81,102
E57,26,31
E58,3,23,35,71,100
E59,0,6,7,45,73,85,112
E60,50,62
E61,44,55,89
E62,53,96,106
E63,54,60,96
E64,8,14,21,58
E65,25,38,43,78,95
E66,24,50,96,112
E67,67,70
E68,63,80,114
E69,5,8,13,16,27,49,51,59,66,82,92,96,101,113
E70,50,188
E71,35,37,96,183
E72,43,91,132
E73,91,209
E74,42,102,119,185
E75,70,121
E76,29,39,43,100,142,177,218
E77,15,112
E78,7,14,21,36,51,82,96,99,101,103,121,155,177,182,215
E79,47,78,152
E80,14,62,64,96,190,221
E81,11,67,78
E82,105,108
E83,1,22,54,71,122,166
E84,6,7,14,25,28,40,44,94,109,139
E85,34,43
E86,53,202
E87,19,55,97,119,175,176
E88,23,71
E89,69,116,153,222
E90,12,118,124,149,154,179,187
E91,10,55,90,212
E92,23,26,46,135,160
E93,2,20,41,91,92,110,121,134,140,171
E94,25,78
E95,23,156,208
E96,120,151
E97,0,39,43,49,51,191,200
E98,174,199
E99,78,225
E100,96,157,189,201
E101,8,27,33,50,51,52,77,83,84,89,111,126,136,178,202,211,220,224
E102,34,112,138
E103,56,165,186
E104,13,16,45,73,74,93,109,112,131,137,159,177,197
E105,91,95,129
E106,96,181
E107,8,50,51,57,176,179
E108,80,112,127
E109,55,79,111,130,131,133,193,207,210,214,216,219,223,225
E110,4,194
E111,140,149,205
E112,8,50,59,61,85,104,146,148,217
E113,13,24,81,91,98,115,126,158
E114,3,63,76,114,117,144,164,170,226
E115,66,87,125,169,178,196,198,227
E116,25,50,88,143,145,147,162,163,206
E117,26,128
E118,51,60,173
E119,5,7,8,29,30,32,48,58,68,71,86,113,168,195,199,203,204
E120,35,38,75,141,192
E121,17,96,233
E122,13,185,241
E123,1,23,29,37,157,186,201,235,240
E124,0,14,25,28,33,44,74,93,109,124,125,130,140,207,241
E125,96,181,241
E126,19,51,96,97,138,242
E127,3,26,116,208,226
E128,12,30,49,51,79,82,87,91,94,104,118,148,210,214,227,230,238
E129,8,50,55,57,91,149,162,179,225
E130,231,245
E131,112,175
E132,7,21,45,55,83,96,111,146,187,197,216,220,240,241
E133,34,35,75,91
E134,34,55,102,145,212
E135,23,63,69,122,245
E136,8,13,14,59,66,92,101,103,126,133,159,171,177,178,228
E137,25,43,129
E138,76,142,153,156,173,177
E139,7,91,109,112,121,131,136,139,154,155,179,196,198,241
E140,174,232
E141,25,78,163,175,241
E142,23,70,71
E143,112,189,218,243
E144,20,27,43,50,52,58,84,85,86,110,111,169,182,195
E145,78,123,152
E146,50,62,140,147,158,188,221
E147,22,43,80,100,160,170,183,244
E148,15,107,120,151
E149,91,203,204,217,219,223,224
E150,65,202
E151,10,119,143,190,241
E152,43,56,117,144,164,165
E153,60,186
E154,2,7,36,48,51,61,77,99,137,149,168,199,200
E155,91,141,150,167
E156,14,24
E157,39,71,166,222
E158,88,112
E159,18,241
E160,5,6,16,29,51,71,73,89,131,193,202,215,225
E161,236,237
E162,81,88,98,112,115,229
E163,96,234
E164,9,25,176,239
E165,32,39,40,132,191,229
E166,8,42,64,90,119,176,205,241
E167,11,26,31
E168,35,51,54,96,135
E169,8,41,113,211,240
E170,50,206
E171,46,60,114,127
E172,8,68,134,177,240
E173,4,47,72,192,194,209
E174,19,34,50,81,97,138,242,265,293,298
E175,43,80,91,112
E176,54,63,156,231,235
E177,8,43,51,99,171,199,210,217,261,295,301
E178,34,43
E179,10,175
E180,117,306
E181,8,27,41,44,82,101,195,196,200,204,207,241,299,300
E182,72,91,199,278
E183,17,106,290
E184,42,50,119,190,269
E185,23,37,43,76,227,240
E186,0,5,7,91,111,112,130,187,271,279,285
E187,65,236,237
E188,13,265,302
E189,157,164,170,222
E190,66,93,109,111,124,131,168,224,227,228,240,286,303
E191,91,167,194
E192,53,270
E193,8,241
E194,23,252
E195,173,208,299
E196,39,43,85,91,96,104,109,169,178,212,223,230,238,240,249,278,282
E197,174,192,287,297
E198,24,51,96,158,162,229,272
E199,1,60,165,283
E200,2,8,13,20,29,48,51,103,139,177,197,258,273
E201,25,91,209
E202,8,62,98,140,147,176,205,225,248,278
E203,116,189
E204,175,186
E205,7,44,52,58,79,92,132,140,146,241,249,256,263,308
E206,47,78,95,129,265,279
E207,55,57,90,91,126,149,176,188
E208,105,108
E209,26,39,71,122,142,166,264,276,278,288,307
E210,18,274
E211,55,59,71,73,121,126,149,178,214,216,219,258
E212,35,232
E213,14,55,64,102,112,163,241,257
E214,3,22,35,51,69,112,114,144,177,183,201,247
E215,32,40,50,68,77,86,87,118,121,182,191,202,211,215,240,260,292,308
E216,78,152,278
E217,161,181
E218,115,119,143,185,254,265,278
E219,31,67,284
E220,23,29,80,96,135,186,218,244,296,299
E221,6,7,21,30,33,36,45,84,89,94,110,113,134,148,177,193,203,225,229,241,267
E222,25,50,78,88,206,212,221,227,245
E223,43,46,56,100,160,243,246,251,255,278,299
E224,248,262
E225,49,50,83,198,220,247,249,280,281,289,291,305
E226,4,123,150,249,268
E227,119,145,179,241,259
E228,96,127,153,226,234,245,253,266,277
E229,15,88,107,213,279
E230,7,12,14,16,25,28,61,74,91,125,133,136,137,154,155,159,179,247,249,250,264,304
E231,38,141,274
E232,96,268
E233,272,311,319,344,363
E234,22,56,114,116,117,142,160,186,244,246,264,278,306,319
E235,12,49,68,99,121,130,146,177,216,217,247,267,271,273,305,339
E236,25,38,141,232,297,325
E237,14,50,78,119,145,175,227,302,310
E238,1,23,46,100,127,201,231,277,329
E239,60,213
E240,18,137,248
E241,5,6,7,16,21,86,196,204,240,256,299,317,329,349,355
E242,19,62,97,163,265,269,373
E243,35,122
E244,15,120
E245,8,40,55,83,132,133,149,177,178,343,345,357
E246,95,209,265,278
E247,53,202,236
E248,10,42,98,115,176,212,225
E249,29,135,189
E250,7,13,14,45,58,73,125,131,187,191,215,225,247,285,304,354
E251,4,34,245,249,268,337
E252,181,233
E253,34,50,55,147,149,158,162,278,320,375
E254,70,284
E255,108,294
E256,80,245,299,333,338
E257,88,107,186,318,351
E258,241,262,367
E259,7,41,44,50,51,91,126,154,210,211,223,241,249,286,314,343,352,359,382
E260,78,150,152
E261,96,270
E262,25,140,190,205,241
E263,23,37,226
E264,2,36,43,61,96,109,112,124,198,224,228,258,261,263,281,291,321,368,376
E265,35,91,123
E266,102,206,241,259,321,364
E267,31,380
E268,43,71,156,177,218,235,245,247
E269,9,311
E270,20,27,28,39,44,71,101,103,199,200,214,238,241,250,342,343,350,355
E271,43,199,322
E272,65,106,241
E273,8,24,55,88,90,96,185,221,248,278,293,319,333,341,351,361
E274,23,26
E275,80,112
E276,26,43,63,112,157,164,170,222,240,243,255,266,278,307,316
E277,29,30,32,52,82,89,91,104,148,159,193,195,202,229,249,292,300,309,315,319,320,327,335,346,361,362
E278,78,174,194,315,365
E279,161,290
E280,13,51,57,64,126,229,331,379
E281,3,76,96,166,183,227,299
E282,151,279,340
E283,25,48,59,66,74,84,121,134,169,280,282,295,303,321,332,347,361,366,370
E284,47,75,279,348
E285,112,138,176,188,265,298,323,372
E286,54,173,208,276,283,288,327
E287,14,33,51,79,92,93,110,111,131,137,155,179,203,227,230,241,260,301,312,324,361
E288,72,167,287,330,343
E289,8,119,241,242,254,257,278,311,319,354,369
E290,105,184,377
E291,39,51,60,96,144,153,165,251,253,296,341
E292,0,43,50,77,85,91,94,136,139,168,171,178,182,197,212,219,220,240,249,258,289,308,313,319,342,345,349,374,378
E293,91,129,192,278,353,381
E294,81,91,143,179,245,328,334
E295,78,128
E296,43,172
E297,69,234,351
E298,8,87,109,111,113,118,140,207,240,264,278,279,336,371
E299,202,236,237,268,418
E300,50,78,81,190,229,241,278,320,400,401,413,424,435
E301,23,67
E302,156,177,243,338,441,459
E303,120,275
E304,2,27,29,51,68,94,109,125,136,146,217,263,267,273,308,321,376,396,398,466,487,499
E305,25,325,337,353
E306,53,233,502
E307,8,88,102,119,158,185,225,248,302,333,334,369,375,420,468,469,493,503
E308,299,387,395,404,432,474
E309,279,487
E310,16,48,121,131,139,169,178,193,228,229,249,279,291,301,361,394,413,436,437,446,469,477,486
E311,78,129,152,194,265,268,278,326,381,446,463
E312,55,176,242,269,278,415,429,451,460,463,484,496
E313,71,519
E314,100,142,166,218,244,278,288,307,406
E315,8,30,43,66,79,99,109,111,195,230,258,271,280,292,335,349,370,378,382,384,413,438,463,473,498,524
E316,174,249,274,287
E317,383,430
E318,138,147,212,265,298,328,364,416,455,512,518
E319,31,70
E320,96,122,144,157,165,186,201,208,222,255,299,306,409
E321,41,61,83,159,200,202,223,241,250,261,281,289,346,359,406,413,500,504,523
E322,141,209,315,421,499
E323,57,140,241,254,272,293,311,331,341,361,422,438,455
E324,11,526
E325,80,108,461
E326,23,46,189,246,278,327,341,425,499,501
E327,88,340,487
E328,7,44,45,91,92,148,199,211,212,300,305,342,343,349,419,427,438,449,463,472,506
E329,47,167,297,410,476,486
E330,65,270,290
E331,55,91,115,119,162,188,227,245,323,485,495
E332,172,356,463
E333,43,60,76,80,127,170,234,235,240,253,276,448,521
E334,321,458
E335,33,112,121,126,133,137,168,177,191,210,227,241,295,314,315,345,399,413,418,442,462,463,487
E336,72,91,150,245,322,422,490,494
E337,360,391,508
E338,19,97,119,143,321,354,372,428,431,455,499
E339,112,184,467
E340,22,23,43,56,116,153,160,231,464,520
E341,60,107,112,151,186,463
E342,9,513
E343,7,8,12,39,51,74,82,87,89,91,111,118,131,134,140,171,197,203,216,240,249,299,304,320,361,362,366,388,413,443,453,454,456,492,499,525
E344,75,91,95,192,232,279,348,497,499
E345,8,10,42,112,126,257,265,278,311,319,385,393,411,426,462
E346,252,284
E347,26,29,71,112,114,135,227,247,251,283,319,351,430,471,489,516
E348,13,21,71,85,86,113,154,155,204,224,247,249,256,260,264,319,385,391,418,434,450,457,470,507,509,525
E349,17,96,106,161,403
E350,13,50,90,96,145,176,311,344,351,480,485
E351,35,39,51,96,117,164,226,264,277,316,475
E352,7,14,28,40,96,101,103,110,177,187,238,278,285,312,313,332,345,347,354,355,390,405,447,463
E353,123,330,487
E354,181,358
E355,14,24,62,221,241,259,310,363,373,397
E356,3,183,296,417,509,511
E357,213,517
E358,0,5,14,32,43,51,58,59,91,93,149,182,214,219,258,282,286,303,308,321,352,357,374,407,414,444,465,481
E359,34,343,425,522
E360,25,64,98,163,205,206,321,413,505
E361,26,78,380
E362,91,377,478
E363,54,69,245,266,329,445,472,497,510
E364,15,351,440
E365,25,479,483
E366,50,52,84,104,178,220,225,240,241,249,324,336,339,342,350,385,433,439,452,465,487,491
E367,4,43,91,199,278,365,386
E368,96,241
E369,34,51,149,175,179,241,319,379,386,412,434
E370,402,494
E371,1,37,63,173,299,333,389
E372,175,514
E373,180,248,274
E374,6,7,20,25,36,49,55,73,77,124,130,132,179,196,198,207,215,247,309,317,327,329,349,368,371,415,443,451,463,472,482,488,514,515
E375,35,38,78,408
E376,64,78,176,225,241,245,278,293,373,400,455,463,480
E377,23,71,114,153,278,299,409
E378,13,14,51,139,159,178,197,214,278,327,335,357,384,405,406,442,457
E379,232,326,353
E380,10,55,162,212,257,364,415,484
E381,3,51,100,165,170,189,227,246,247,255,329,406,448
E382,107,340
E383,48,52,55,109,121,136,137,140,146,169,200,219,223,260,279,345,354,385,391,447,449,472
E384,38,78,141,167,386,422,463
E385,97,248,361,412,455,485
E386,91,377
E387,1,46,60,76,135,177,231,240,278,319,432
E388,0,43,82,89,124,148,149,168,199,215,216,227,240,247,250,280,281,286,308,346,415,434,444,446,456,482
E389,4,129,410,486
E390,50,81,96,112,188,241,254,278,319,413,428
E391,23,70
E392,112,116,218,276,474
E393,14,28,43,50,92,132,196,229,264,299,355,413,414,427,438,443,450,481
E394,91,152,330,381,408
E395,241,391
E396,14,25,51,88,115,138,310,311,323,344,354,375,393,401,413
E397,31,284
E398,54,316,425
E399,248,274,367
E400,6,50,51,66,93,109,113,130,155,249,256,342,399,477
E401,34,47,150
E402,8,13,57,90,91,119,163,227,259,319,363,426,460
E403,35,37,39,63,96,144,166,244,264,404
E404,5,7,8,12,21,39,40,41,49,51,73,74,85,91,96,99,103,104,131,154,171,217,247,263,273,282,304,336,345,349,361,366,371,388,413,438,463,487
E405,75,245,249,265,287,337
E406,65,161,237,270,418
E407,34,140,145,176,190,206,328,331,334,341,386,420,429,468
E408,121,380
E409,23,183,226,277,296,333,464
E410,60,175
E411,7,44,45,83,91,94,111,112,118,126,133,177,179,202,204,230,267,285,295,300,303,313,321,329,332,350,361,394,413,418,463,465,466
E412,194,297,325,425
E413,202,233,236
E414,19,24,50,126,269,298,333,369,422,431,434,451,469
E415,26,402
E416,105,172,478
E417,80,156,157,222,234,235,251,288,299,327,341
E418,151,463
E419,8,27,44,87,91,101,125,131,187,195,198,224,314,315,317,324,342,347,349,355,407,437,439,451,452,470
E420,25,35,43,91,174,199,274,278,343,348,365,423,446
E421,268,358,383,403
E422,42,143,158,185,205,221,302,397,462
E423,43,108,463
E424,26,56,96,122,160,164,243,338,445,475
E425,112,318
E426,33,61,71,207,220,249,301,321,352,362,376,454,463,487
E427,315,322
E428,17,96,181,290,430
E429,175,179,229,241,265,320,321,351,379,469
E430,11,67
E431,22,43,186,208,245,351,430,459
E432,279,321,351,458,487
E433,18,25,137,311,483
E434,29,32,58,77,79,84,86,182,210,211,212,228,240,249,261,271,292,319,339,343,368,370,374,385,396,413,463,465,469
E435,78,209,476,487
E436,50,55,98,147,242,272,321,416,435,485
E437,80,112
E438,43,117,142,173,266,283,306,307,395,441,471,472
E439,88,186
E440,239,479
E441,8,16,59,134,191,193,225,241,249,258,291,305,308,309,320,343,361,390,433
E442,72,95,192,421
E443,8,62,102,119,149,278,372,385,411,424,438
E444,29,69,127,201,245,253,387,389,417
E445,2,20,25,30,36,68,110,121,177,203,238,241,249,258,289,312,319,349,359,378,382,398,418,419,436,453,462,472,473,486
E446,123,268,279
E447,96,161,202,502,508
E448,91,97,98,175,241,248,278,323,328,415,416,420,463,484,493
E449,23,26,54,71,164,231,341,448,459,464,489,521,527
E450,112,213
E451,7,12,14,16,39,43,44,91,101,113,131,154,195,261,278,282,286,301,303,312,346,349,354,361,378,407,437,444,487,532,552
E452,245,274,322,325,410,421,522
E453,53,268,391,491
E454,14,55,64,115,179,298,311,319,334,354,361,373,400,455,460,495,499,535
E455,23,70,71
E456,80,356,461,463
E457,63,144,177,183,251,264,276,319,389,395,406,409,432,511,537
E458,392,479
E459,0,8,13,41,51,58,77,79,82,92,124,134,169,179,187,199,215,263,342,349,366,376,382,390,394,396,413,462,491,499,523,553
E460,25,34,47,91,279,348
E461,17,241,270,290,360
E462,8,50,51,57,102,119,225,269,369
E463,67,78,380
E464,43,294
E465,29,51,60,245,255,299,425,445,474,542
E466,186,351,458
E467,8,50,55,59,109,140,191,217,241,249,335,418,454,463,486,498,514
E468,78,381,408,446
E469,78,96,112,147,188,265,319,429,462,469,485,531
E470,100,112,218,244,245,246,471,475,509,510
E471,88,514,517
E472,9,274,483
E473,8,21,29,44,48,52,68,84,94,139,148,159,197,224,247,280,339,343,352,413,456,472,542,554
E474,95,192,265,343,499
E475,96,383,403
E476,13,50,81,190,241,321,341,344,351,413,422,455,512,541
E477,11,31,402,494
E478,91,105
E479,35,39,116,117,153,189,278,288,299,351,387,472,543
E480,18,25
E481,7,20,40,43,49,73,121,125,171,200,219,240,241,271,279,285,343,350,355,370,385,413,433,443,447,463,466,488
E482,35,129,167,278,315
E483,65,544
E484,42,254,265,278,321,331,393,435,438,480,485
E485,26,284
E486,3,46,80,156,160,227,234,296,306,307,316,333,526
E487,6,30,33,45,91,178,220,227,317,319,321,332,345,463,482,487,492,504,515,525,529,551
E488,174,330,425
E489,10,50,62,162,176,227,229,293,302,411
E490,108,467
E491,43,170,201,240,247,278,329,540
E492,15,120,175,487,530
E493,27,32,51,85,86,99,104,130,149,155,196,203,207,223,225,230,240,249,264,281,309,315,342,368,374,385,406,436,449,452,463,472,477,509,514,524,525,551
E494,38,268,278,287,423,476,487,490
E495,181,358
E496,24,119,126,138,158,185,259,311,375,379,386,401,413,455,503
E497,22,157,165,404,441
E498,321,340,440,555
E499,137,262
E500,51,112,132,146,178,193,258,299,300,304,305,313,314,320,321,324,361,399,439,443,481
E501,78,194,199,232,486,494
E502,90,140,143,206,221,241,257,364
E503,56,69,142,226,243,253,533
E504,5,50,71,74,110,177,202,211,212,214,229,260,267,289,308,327,355,384,398,434,450,451,457,463,465,469,499,500,549
E505,4,43,209,386,422,463,497
E506,55,145,163,176,241,265,272,278,311,397,424,428,434,468,469,496,518,548
E507,1,76,173,208,235,266,299,338
E508,151,463
E509,2,25,28,61,83,89,91,96,109,133,168,249,273,292,295,308,329,336,343,347,359,371,413,415,419,427,453,470,506,507,536,554
E510,141,150,365,499,549
E511,106,233,236
E512,19,88,205,245,310,319,333,372,431,505
E513,377,539
E514,23,96,122,127,135,166,277,417
E515,318,487
E516,239,311
E517,66,111,118,121,126,131,136,182,204,228,249,258,291,362,388,391,405,414,438,442,473,538,547
E518,72,91,249
E519,237,430
E520,8,25,34,149,212,242,320,363,385,412,426,451
E521,37,43,96,114,186,222,283,327,430,497,499,501,516,520
E522,36,87,93,103,111,137,177,198,210,216,238,240,247,249,250,256,319,349,357,361,418,446,465,528,545,546,550
E523,75,91,123,152,297,326,337,353
E524,236,360
E525,24,119,143,176,278,363,364,415,420,429,469
E526,122,201,226,245,266,307,327,459,471,516,523,533
E527,8,55,85,101,103,109,111,131,134,146,200,207,224,225,229,240,289,292,308,357,391,396,463,528
E528,326,337,490
E529,106,241
E530,175,176,212,241,385,505
E531,108,294,539
E532,54,157,244,245,299,341,489
E533,517,555
E534,0,2,8,12,21,49,51,59,82,94,111,121,139,149,182,249,278,286,291,321,355,361,413,433,472,524
E535,25,194,199,245,249,386,446,454,463,497,499
E536,53,65
E537,90,97,119,140,145,241,257,269,319,373,426,438,451,455,548
E538,11,70,402,481
E539,467,478
E540,3,23,26,39,165,173,183,186,222,227,319,395,497,511,543
E541,60,151,351
E542,18,311
E543,5,48,50,71,96,193,217,238,240,241,247,249,299,304,309,313,319,343,359,368,371,376,382,384,390,451,452,463,499,515,523,554
E544,91,141,174,192,232,330,343,486
E545,62,241,310,311,323,333,372,400,411,434,535
E546,31,67,128,380
E547,22,35,43,96,144,240,264,404,441,445
E548,120,440,487
E549,241,248
E550,6,7,25,27,29,30,36,40,43,44,66,73,74,93,124,168,178,203,228,267,281,305,315,319,336,343,346,349,362,366,370,378,385,394,442,450,457,462,481,486,514,525,529
E551,278,315,365,499,522
E552,88,138,147,162,206,229,245,298,351,354,369,379,393,397,424,484,512,531
E553,71,252,519
E554,80,377
E555,1,46,71,76,112,127,135,170,234,246,306,316,333,351,406,425,562,563
E556,479,513
E557,77,86,87,91,132,133,136,140,177,202,215,240,241,261,280,282,295,300,312,327,343,361,399,469,477,536,546,551
E558,4,72,129,279,325,423
E559,237,268,403,534
E560,14,34,119,149,278,311,319,321,328,386,422,463,468,559
E561,26,78
E562,37,60,69,80,114,116,231,276,277,278,288,430,432,475,501,526
E563,175,213,463,514
E564,33,43,84,130,227,271,314,434,447,454,463,470,499,504,557
E565,91,278,287,425,476,487
E566,391,502,508
E567,25,55,64,102,185,265,319,320,412,413,455,485,541
E568,29,51,96,153,160,255,283,299,389
E569,25,483
E570,8,28,39,58,68,83,91,126,137,211,219,220,241,258,329,342,427,439,443,444,446,449,463,466,487,514,525,545,554,558
E571,34,35,43,47,95,152,408,421
E572,96,430,544
E573,8,50,98,163,205,259,331,455,518,523
E574,112,356,463
E575,142,166,218,299,474,510,520,527
E576,112,340
E577,13,32,41,44,50,51,110,112,113,148,178,198,249,285,303,374,385,415,418,436,456,465,482,487,506,532,547,550
E578,38,549
E579,233,290
E580,57,81,91,126,190,225,227,265,293,302,341,361,428,454,460,462,469,480,499,503
E581,56,208,235,243,296,409,464,472,499,521,542,556
E582,7,52,61,91,92,99,109,118,125,159,169,179,187,195,199,210,214,230,247,250,256,279,301,321,345,347,350,352,354,355,406,407,413,414,453,463,488,507,538,560
E583,265,274,353,381,422,494
E584,202,270,358
E585,10,13,42,50,51,55,78,96,115,241,248,311,334,375,413,495,496,523
E586,23,117,177,247,329,509
E587,186,275
E588,137,392
E589,7,14,177,197,204,223,249,260,263,264,308,335,339,361,388,413,419,438,463,465,487,500,561
E590,75,150,167,268,322,410
E591,17,161,383,418,491
E592,50,112,158,179,188,242,254,278,321,344,416,435,493,564
E593,43,164,251,253,278,338,387,417,448,540
E594,15,88,107,318,321,458,530
E595,9,176,262,274
E596,7,14,16,20,45,89,104,131,171,191,196,216,249,258,317,324,332,345,349,398,405,418,437,438,491,492,542,549,551
E597,78,123,209,297,348
E598,8,19,221,272,401,431
E599,63,100,156,189,537
E600,79,121,154,155,212,273,320,342,443,473,498,509,552,553
